<?xml version="1.0" encoding="UTF-8"?>
<ROOT>
  <TEST NAME="TEST_NotificationService" FILE="NotificationService.java">
    <MAP>
      <OLD>1</OLD>
      <NEW>4</NEW>
    </MAP>
    <MAP>
      <OLD>2</OLD>
      <NEW>3</NEW>
    </MAP>
    <MAP>
      <OLD>3</OLD>
      <NEW>8</NEW>
    </MAP>
    <MAP>
      <OLD>4</OLD>
      <NEW>9</NEW>
    </MAP>
    <MAP>
      <OLD>5</OLD>
      <NEW>11</NEW>
    </MAP>
    <MAP>
      <OLD>6</OLD>
      <NEW>5</NEW>
    </MAP>
    <MAP>
      <OLD>7</OLD>
      <NEW>13</NEW>
    </MAP>
    <MAP>
      <OLD>8</OLD>
      <NEW>14</NEW>
    </MAP>
    <MAP>
      <OLD>9</OLD>
      <NEW>16</NEW>
    </MAP>
    <MAP>
      <OLD>10</OLD>
      <NEW>7</NEW>
    </MAP>
    <MAP>
      <OLD>11</OLD>
      <NEW>18</NEW>
    </MAP>
    <MAP>
      <OLD>12</OLD>
      <NEW>19</NEW>
    </MAP>
    <MAP>
      <OLD>13</OLD>
      <NEW>21</NEW>
    </MAP>
    <MAP>
      <OLD>14</OLD>
      <NEW>12</NEW>
    </MAP>
    <MAP>
      <OLD>15</OLD>
      <NEW>23</NEW>
    </MAP>
    <MAP>
      <OLD>16</OLD>
      <NEW>24</NEW>
    </MAP>
    <MAP>
      <OLD>17</OLD>
      <NEW>25</NEW>
    </MAP>
    <MAP>
      <OLD>18</OLD>
      <NEW>29</NEW>
    </MAP>
  </TEST>
</ROOT>
